{"score": 33, "grid": [[0, 0, 0, 0, 0, 0, 0, 0, 0, 0], [0, 0, 0, 0, 0, 0, 0, 0, 0, 0], [0, 0, 0, 0, 0, 0, 0, 0, 0, 0], [0, 0, 0, 0, 0, 0, 0, 0, 0, 0], [0, 0, 0, 0, 0, 0, 0, 0, 0, 0], [0, 0, 0, 0, 0, 0, 0, 0, 0, 0], [0, 0, 0, 0, 0, 0, 0, 0, 0, 0], [0, 0, 0, 0, 0, 0, 0, 0, 0, 0], [0, 0, 0, 0, 0, 0, 0, 0, 0, 0], [0, 0, 0, 0, 0, [1, 1, 0, 1], [1, 1, 0, 1], 0, 0, 0], [0, 0, 0, 0, [1, 1, 0, 1], [1, 1, 0, 1], 0, 0, 0, 0], [0, 0, 0, [0.9, 0.0, 0.19999999999999996, 1], [0.9, 0.0, 0.19999999999999996, 1], [0.9, 0.0, 0.19999999999999996, 1], [0.9, 0.0, 0.19999999999999996, 1], 0, 0, 0], [0, 0, 0, 0, 0, 0, [1, 0.5, 0, 1], 0, 0, 0], [0, 0, 0, [0.9, 0.0, 0.19999999999999996, 1], [1, 0.5, 0, 1], [1, 0.5, 0, 1], [1, 0.5, 0, 1], 0, [1, 0.5, 0, 1], 0], [0, 0, 0, [0.9, 0.0, 0.19999999999999996, 1], 0, 0, [1, 0.5, 0, 1], [1, 0.5, 0, 1], [1, 0.5, 0, 1], 0], [0, 0, 0, [0.9, 0.0, 0.19999999999999996, 1], 0, 0, 0, [1, 0.5, 0, 1], 0, 0], [0, 0, 0, [0.9, 0.0, 0.19999999999999996, 1], 0, [1, 0.5, 0, 1], [1, 0.5, 0, 1], [1, 0.5, 0, 1], [0.0, 0.0, 0.0, 1], 0], [0, 0, 0, [1, 0.5, 0, 1], 0, [0.0, 0.0, 0.0, 1], 0, [0.0, 0.0, 0.0, 1], [0.0, 0.0, 0.0, 1], [0.0, 0.0, 0.0, 1]], [0, [1, 0.5, 0, 1], [1, 0.5, 0, 1], [1, 0.5, 0, 1], [0.0, 0.0, 0.0, 1], [0.0, 0.0, 0.0, 1], [0.0, 0.0, 0.0, 1], [1, 0, 1, 1], [1, 0, 1, 1], 0], [0, 0, 0, [0.9, 0.0, 0.19999999999999996, 1], [0.9, 0.0, 0.19999999999999996, 1], [0.9, 0.0, 0.19999999999999996, 1], [0.9, 0.0, 0.19999999999999996, 1], 0, [1, 0, 1, 1], [1, 0, 1, 1]]], "fall_speed": 0.06666666666666667, "current_piece": [[1, 1, 1, 1]], "current_x": 3, "current_y": 2, "color": [0.9, 0.0, 0.19999999999999996, 1], "shape_name": "I", "next_piece_shape": "L", "game_started": true, "paused": false, "mode": "lightning", "speed_level": 15, "show_next": false, "gost_level": 1, "gost_step_count": 0, "combo_multiplier": 1.0, "gost_mode_settings": {"steps_to_disappear": 5, "appear_on_lock": true, "lock_appear_time": 1.5, "show_next": true}}